on,NA20PICS01
on,NA20PICS02
on,NA20PICS03
on,NA20PICS04
on,NA20PICS05
on,NA20PICS06
on,NA20BDMS01
on,NA20BDMS02
on,NA20BDMS03
on,NA20BDMS04
on,NA20BDMS05
on,NA20BDMS06
on,NA20CRSC01
on,NA20CRSC02
on,NA20CRSC03
on,NA20CRSC04
on,NA20CRSC05
on,NA20CRSC06
on,NA20PICS07
on,NA20PICS08
on,NA20PICS09
on,NA20PICS10
on,NA20PICS11
on,NA20PICS12
on,NA20BDMS07
on,NA20BDMS08
on,NA20BDMS09
on,NA20BDMS10
on,NA20BDMS11
on,NA20BDMS12
on,NA20CRSC07
on,NA20CRSC08
on,NA20CRSC09
on,NA20CRSC10
on,NA20CRSC11
on,NA20CRSC12
on,NA20PICS13
on,NA20PICS14
on,NA20PICS15
on,NA20PICS16
on,NA20PICS17
on,NA20PICS18
on,NA20PICS19
on,NA20PICS20
on,NA20PICS21
on,NA20PICS22
on,NA20BDMS13
on,NA20BDMS14
on,NA20BDMS15
on,NA20BDMS16
on,NA20BDMS17
on,NA20BDMS18
on,NA20BDMS19
on,NA20BDMS20
on,NA20BDMS21
on,NA20BDMS22
on,NA20CRSC13
on,NA20CRSC14
on,NA20CRSC15
on,NA20CRSC16
on,NA20CRSC17
on,NA20CRSC18
on,NA20CRSC19
on,NA20CRSC20
on,NA20CRSC21
on,NA20CRSC22
on,NA20CRSC23
